{
  "saved_at": "2026-04-17T03:00:36",
  "metadata": {
    "potential": "3D_box",
    "V": 6e-11,
    "N0": 10000000.0,
    "T0": 1e-07,
    "Q0": 0.0005,
    "dQ": 5e-09,
    "N_STEPS": 100,
    "dT_nr": 1e-20,
    "dmu_nr": 1e-30,
    "statistics": "BE",
    "sign": 1,
    "alpha_floor": -0.001,
    "n_steps_requested": 100,
    "n_steps_completed": 100,
    "halted_early": false,
    "halt_reason": null
  },
  "results": {
    "N": [
      10000000.0,
      10000000.0,
      10000000.0,
      10000000.0,
      10000000.0,
      10000000.0,
      10000000.0,
      10000000.0,
      10000000.0,
      10000000.0,
      10000000.0,
      10000000.0,
      10000000.0,
      10000000.0,
      10000000.0,
      10000000.0,
      10000000.0,
      10000000.0,
      10000000.0,
      10000000.0,
      10000000.0,
      10000000.0,
      10000000.0,
      10000000.0,
      10000000.0,
      10000000.0,
      10000000.0,
      10000000.0,
      10000000.0,
      10000000.0,
      10000000.0,
      10000000.0,
      10000000.0,
      10000000.0,
      10000000.0,
      10000000.0,
      10000000.0,
      10000000.0,
      10000000.0,
      10000000.0,
      10000000.0,
      10000000.0,
      10000000.0,
      10000000.0,
      10000000.0,
      10000000.0,
      10000000.0,
      10000000.0,
      10000000.0,
      10000000.0,
      10000000.0,
      10000000.0,
      10000000.0,
      10000000.0,
      10000000.0,
      10000000.0,
      10000000.0,
      10000000.0,
      10000000.0,
      10000000.0,
      10000000.0,
      10000000.0,
      10000000.0,
      10000000.0,
      10000000.0,
      10000000.0,
      10000000.0,
      10000000.0,
      10000000.0,
      10000000.0,
      10000000.0,
      10000000.0,
      10000000.0,
      10000000.0,
      10000000.0,
      10000000.0,
      10000000.0,
      10000000.0,
      10000000.0,
      10000000.0,
      10000000.0,
      10000000.0,
      10000000.0,
      10000000.0,
      10000000.0,
      10000000.0,
      10000000.0,
      10000000.0,
      10000000.0,
      10000000.0,
      10000000.0,
      10000000.0,
      10000000.0,
      10000000.0,
      10000000.0,
      10000000.0,
      10000000.0,
      10000000.0,
      10000000.0,
      10000000.0,
      10000000.0
    ],
    "T": [
      1e-07,
      9.99937709039526e-08,
      9.99980971682189e-08,
      9.999460673507988e-08,
      9.999726527852111e-08,
      9.99951045202248e-08,
      9.99967962152835e-08,
      9.999542209387265e-08,
      9.999651128308564e-08,
      9.999562837756555e-08,
      9.999633267545297e-08,
      9.999576290245003e-08,
      9.999621902631952e-08,
      9.999585060369431e-08,
      9.999614615133655e-08,
      9.999590770137167e-08,
      9.999609922534702e-08,
      9.999594482408123e-08,
      9.999606893611596e-08,
      9.99959689336866e-08,
      9.999604935766212e-08,
      9.999598457951948e-08,
      9.999603669156271e-08,
      9.999599472728212e-08,
      9.999602849296128e-08,
      9.999600130661515e-08,
      9.999602318432514e-08,
      9.999600557130061e-08,
      9.999601974622002e-08,
      9.999600833519878e-08,
      9.999601751924753e-08,
      9.999601012626302e-08,
      9.9996016076638e-08,
      9.999601128683036e-08,
      9.999601514207758e-08,
      9.999601203881687e-08,
      9.999601453662256e-08,
      9.99960125260503e-08,
      9.99960141443692e-08,
      9.999601284173672e-08,
      9.999601389023791e-08,
      9.999601304627255e-08,
      9.999601372559091e-08,
      9.999601317879192e-08,
      9.999601361891842e-08,
      9.999601326465121e-08,
      9.999601354980653e-08,
      9.999601332027922e-08,
      9.99960135050296e-08,
      9.99960133563204e-08,
      9.999601347601902e-08,
      9.999601337967131e-08,
      9.999601345722329e-08,
      9.999601339480023e-08,
      9.999601344504567e-08,
      9.999601340460217e-08,
      9.999601343715587e-08,
      9.999601341095279e-08,
      9.999601343204412e-08,
      9.999601341506732e-08,
      9.999601342873226e-08,
      9.99960134177331e-08,
      9.999601342658653e-08,
      9.999601341946024e-08,
      9.999601342519632e-08,
      9.999601342057924e-08,
      9.999601342429561e-08,
      9.999601342130425e-08,
      9.999601342371206e-08,
      9.999601342177397e-08,
      9.999601342333396e-08,
      9.999601342207829e-08,
      9.999601342308901e-08,
      9.999601342227546e-08,
      9.99960134229303e-08,
      9.99960134224032e-08,
      9.999601342282748e-08,
      9.999601342248598e-08,
      9.999601342276085e-08,
      9.999601342253959e-08,
      9.99960134227177e-08,
      9.999601342257435e-08,
      9.999601342268973e-08,
      9.999601342259685e-08,
      9.999601342267161e-08,
      9.999601342261143e-08,
      9.999601342265987e-08,
      9.999601342262088e-08,
      9.999601342265226e-08,
      9.999601342262701e-08,
      9.999601342264734e-08,
      9.999601342263097e-08,
      9.999601342264415e-08,
      9.999601342263355e-08,
      9.999601342264207e-08,
      9.99960134226352e-08,
      9.999601342264073e-08,
      9.999601342263629e-08,
      9.999601342263986e-08,
      9.999601342263699e-08,
      9.99960134226393e-08
    ],