{
  "saved_at": "2026-04-17T03:00:39",
  "metadata": {
    "potential": "3D_box",
    "V": 6e-11,
    "N0": 10000000.0,
    "T0": 1e-07,
    "Q0": 0.0005,
    "dQ": 5e-09,
    "N_STEPS": 100,
    "dT_nr": 1e-20,
    "dmu_nr": 1e-30,
    "statistics": "FD",
    "sign": -1,
    "alpha_floor": -0.001,
    "n_steps_requested": 100,
    "n_steps_completed": 100,
    "halted_early": false,
    "halt_reason": null
  },
  "results": {
    "N": [
      10000000.0,
      10000000.0,
      10000000.0,
      10000000.0,
      10000000.0,
      10000000.0,
      10000000.0,
      10000000.0,
      10000000.0,
      10000000.0,
      10000000.0,
      10000000.0,
      10000000.0,
      10000000.0,
      10000000.0,
      10000000.0,
      10000000.0,
      10000000.0,
      10000000.0,
      10000000.0,
      10000000.0,
      10000000.0,
      10000000.0,
      10000000.0,
      10000000.0,
      10000000.0,
      10000000.0,
      10000000.0,
      10000000.0,
      10000000.0,
      10000000.0,
      10000000.0,
      10000000.0,
      10000000.0,
      10000000.0,
      10000000.0,
      10000000.0,
      10000000.0,
      10000000.0,
      10000000.0,
      10000000.0,
      10000000.0,
      10000000.0,
      10000000.0,
      10000000.0,
      10000000.0,
      10000000.0,
      10000000.0,
      10000000.0,
      10000000.0,
      10000000.0,
      10000000.0,
      10000000.0,
      10000000.0,
      10000000.0,
      10000000.0,
      10000000.0,
      10000000.0,
      10000000.0,
      10000000.0,
      10000000.0,
      10000000.0,
      10000000.0,
      10000000.0,
      10000000.0,
      10000000.0,
      10000000.0,
      10000000.0,
      10000000.0,
      10000000.0,
      10000000.0,
      10000000.0,
      10000000.0,
      10000000.0,
      10000000.0,
      10000000.0,
      10000000.0,
      10000000.0,
      10000000.0,
      10000000.0,
      10000000.0,
      10000000.0,
      10000000.0,
      10000000.0,
      10000000.0,
      10000000.0,
      10000000.0,
      10000000.0,
      10000000.0,
      10000000.0,
      10000000.0,
      10000000.0,
      10000000.0,
      10000000.0,
      10000000.0,
      10000000.0,
      10000000.0,
      10000000.0,
      10000000.0,
      10000000.0,
      10000000.0
    ],
    "T": [
      1e-07,
      9.999482918393743e-08,
      9.999764575005301e-08,
      9.999573494705854e-08,
      9.99969290885242e-08,
      9.999613353412897e-08,
      9.99966449072932e-08,
      9.99963077427856e-08,
      9.999652659937447e-08,
      9.999638302499282e-08,
      9.999647657925699e-08,
      9.999641534480755e-08,
      9.999645530892403e-08,
      9.999642917695611e-08,
      9.999644624311407e-08,
      9.999643508856208e-08,
      9.999644237538934e-08,
      9.999643761354379e-08,
      9.99964407246432e-08,
      9.999643869174e-08,
      9.999644001998307e-08,
      9.999643915209077e-08,
      9.999643971916015e-08,
      9.999643934863451e-08,
      9.999643959073333e-08,
      9.999643943254585e-08,
      9.999643953590485e-08,
      9.999643946837021e-08,
      9.999643951249712e-08,
      9.999643948366469e-08,
      9.999643950250371e-08,
      9.999643949019433e-08,
      9.999643949823726e-08,
      9.999643949298202e-08,
      9.999643949641578e-08,
      9.999643949417217e-08,
      9.999643949563813e-08,
      9.999643949468029e-08,
      9.999643949530614e-08,
      9.99964394948972e-08,
      9.99964394951644e-08,
      9.999643949498982e-08,
      9.99964394951039e-08,
      9.999643949502936e-08,
      9.999643949507806e-08,
      9.999643949504624e-08,
      9.999643949506704e-08,
      9.999643949505344e-08,
      9.999643949506232e-08,
      9.999643949505653e-08,
      9.999643949506031e-08,
      9.999643949505784e-08,
      9.999643949505945e-08,
      9.99964394950584e-08,
      9.999643949505908e-08,
      9.999643949505863e-08,
      9.999643949505894e-08,
      9.999643949505874e-08,
      9.999643949505886e-08,
      9.999643949505878e-08,
      9.999643949505883e-08,
      9.99964394950588e-08,
      9.999643949505882e-08,
      9.99964394950588e-08,
      9.999643949505882e-08,
      9.999643949505882e-08,
      9.999643949505882e-08,
      9.999643949505882e-08,
      9.999643949505882e-08,
      9.999643949505882e-08,
      9.999643949505882e-08,
      9.999643949505882e-08,
      9.999643949505882e-08,
      9.999643949505882e-08,
      9.999643949505882e-08,
      9.999643949505882e-08,
      9.999643949505882e-08,
      9.999643949505882e-08,
      9.999643949505882e-08,
      9.999643949505882e-08,
      9.999643949505882e-08,
      9.999643949505882e-08,
      9.999643949505882e-08,
      9.999643949505882e-08,
      9.999643949505882e-08,
      9.999643949505882e-08,
      9.999643949505882e-08,
      9.999643949505882e-08,
      9.999643949505882e-08,
      9.999643949505882e-08,
      9.999643949505882e-08,
      9.999643949505882e-08,
      9.999643949505882e-08,
      9.999643949505882e-08,
      9.999643949505882e-08,
      9.999643949505882e-08,
      9.999643949505882e-08,
      9.999643949505882e-08,
      9.999643949505882e-08,
      9.999643949505882e-08,
      9.999643949505882e-08
    ],